[{"created_at":"Thu Oct 10 20:36:38 +0000 2013","id":388402715937603584,"id_str":"388402715937603584","text":"Check out this great #themeforest item 'Reviver - Responsive Multipurpose VirtueMart Theme' http:\/\/t.co\/o8bVA5bsAh","source":"\u003ca href=\"http:\/\/twitter.com\/tweetbutton\" rel=\"nofollow\"\u003eTweet Button\u003c\/a\u003e","truncated":false,"in_reply_to_status_id":null,"in_reply_to_status_id_str":null,"in_reply_to_user_id":null,"in_reply_to_user_id_str":null,"in_reply_to_screen_name":null,"user":{"id":308471286,"id_str":"308471286","name":"Alice Moore","screen_name":"fanfbmltemplate","location":"USA","description":"Our collection of attractive and functional iFrame facebook templates with a set of tools is created for advancement of your business and personal usage!","url":"http:\/\/t.co\/jloI9p3j5D","entities":{"url":{"urls":[{"url":"http:\/\/t.co\/jloI9p3j5D","expanded_url":"http:\/\/fanfbmltemplates.com","display_url":"fanfbmltemplates.com","indices":[0,22]}]},"description":{"urls":[]}},"protected":false,"followers_count":53,"friends_count":46,"listed_count":2,"created_at":"Tue May 31 13:33:13 +0000 2011","favourites_count":0,"utc_offset":-18000,"time_zone":"Quito","geo_enabled":false,"verified":false,"statuses_count":83,"lang":"ru","contributors_enabled":false,"is_translator":false,"is_translation_enabled":false,"profile_background_color":"C0DEED","profile_background_image_url":"http:\/\/abs.twimg.com\/images\/themes\/theme1\/bg.png","profile_background_image_url_https":"https:\/\/abs.twimg.com\/images\/themes\/theme1\/bg.png","profile_background_tile":false,"profile_image_url":"http:\/\/pbs.twimg.com\/profile_images\/1456589011\/logo2_normal.jpg","profile_image_url_https":"https:\/\/pbs.twimg.com\/profile_images\/1456589011\/logo2_normal.jpg","profile_link_color":"0084B4","profile_sidebar_border_color":"C0DEED","profile_sidebar_fill_color":"DDEEF6","profile_text_color":"333333","profile_use_background_image":true,"default_profile":true,"default_profile_image":false,"following":false,"follow_request_sent":false,"notifications":false},"geo":null,"coordinates":null,"place":null,"contributors":null,"retweet_count":0,"favorite_count":0,"entities":{"hashtags":[{"text":"themeforest","indices":[21,33]}],"symbols":[],"urls":[{"url":"http:\/\/t.co\/o8bVA5bsAh","expanded_url":"http:\/\/themeforest.net\/item\/reviver-responsive-multipurpose-virtuemart-theme\/5157820","display_url":"themeforest.net\/item\/reviver-r\u2026","indices":[92,114]}],"user_mentions":[]},"favorited":false,"retweeted":false,"possibly_sensitive":false,"lang":"en"},{"created_at":"Tue Jun 25 09:30:46 +0000 2013","id":349459642612588544,"id_str":"349459642612588544","text":"10 Professional Facebook Page Templates - only $17! http:\/\/t.co\/mZPiSaOKUS #facebook","source":"\u003ca href=\"http:\/\/twitter.com\/tweetbutton\" rel=\"nofollow\"\u003eTweet Button\u003c\/a\u003e","truncated":false,"in_reply_to_status_id":null,"in_reply_to_status_id_str":null,"in_reply_to_user_id":null,"in_reply_to_user_id_str":null,"in_reply_to_screen_name":null,"user":{"id":308471286,"id_str":"308471286","name":"Alice Moore","screen_name":"fanfbmltemplate","location":"USA","description":"Our collection of attractive and functional iFrame facebook templates with a set of tools is created for advancement of your business and personal usage!","url":"http:\/\/t.co\/jloI9p3j5D","entities":{"url":{"urls":[{"url":"http:\/\/t.co\/jloI9p3j5D","expanded_url":"http:\/\/fanfbmltemplates.com","display_url":"fanfbmltemplates.com","indices":[0,22]}]},"description":{"urls":[]}},"protected":false,"followers_count":53,"friends_count":46,"listed_count":2,"created_at":"Tue May 31 13:33:13 +0000 2011","favourites_count":0,"utc_offset":-18000,"time_zone":"Quito","geo_enabled":false,"verified":false,"statuses_count":83,"lang":"ru","contributors_enabled":false,"is_translator":false,"is_translation_enabled":false,"profile_background_color":"C0DEED","profile_background_image_url":"http:\/\/abs.twimg.com\/images\/themes\/theme1\/bg.png","profile_background_image_url_https":"https:\/\/abs.twimg.com\/images\/themes\/theme1\/bg.png","profile_background_tile":false,"profile_image_url":"http:\/\/pbs.twimg.com\/profile_images\/1456589011\/logo2_normal.jpg","profile_image_url_https":"https:\/\/pbs.twimg.com\/profile_images\/1456589011\/logo2_normal.jpg","profile_link_color":"0084B4","profile_sidebar_border_color":"C0DEED","profile_sidebar_fill_color":"DDEEF6","profile_text_color":"333333","profile_use_background_image":true,"default_profile":true,"default_profile_image":false,"following":false,"follow_request_sent":false,"notifications":false},"geo":null,"coordinates":null,"place":null,"contributors":null,"retweet_count":0,"favorite_count":0,"entities":{"hashtags":[{"text":"facebook","indices":[75,84]}],"symbols":[],"urls":[{"url":"http:\/\/t.co\/mZPiSaOKUS","expanded_url":"http:\/\/www.mightydeals.com\/deal\/fanfbml-facebook-templates.html","display_url":"mightydeals.com\/deal\/fanfbml-f\u2026","indices":[52,74]}],"user_mentions":[]},"favorited":false,"retweeted":false,"possibly_sensitive":false,"lang":"en"},{"created_at":"Tue Jan 29 14:15:42 +0000 2013","id":296260333117517824,"id_str":"296260333117517824","text":"Smart Interior Facebook fan page template http:\/\/t.co\/tlgSJ2N1 #Facebook","source":"\u003ca href=\"http:\/\/twitter.com\/tweetbutton\" rel=\"nofollow\"\u003eTweet Button\u003c\/a\u003e","truncated":false,"in_reply_to_status_id":null,"in_reply_to_status_id_str":null,"in_reply_to_user_id":null,"in_reply_to_user_id_str":null,"in_reply_to_screen_name":null,"user":{"id":308471286,"id_str":"308471286","name":"Alice Moore","screen_name":"fanfbmltemplate","location":"USA","description":"Our collection of attractive and functional iFrame facebook templates with a set of tools is created for advancement of your business and personal usage!","url":"http:\/\/t.co\/jloI9p3j5D","entities":{"url":{"urls":[{"url":"http:\/\/t.co\/jloI9p3j5D","expanded_url":"http:\/\/fanfbmltemplates.com","display_url":"fanfbmltemplates.com","indices":[0,22]}]},"description":{"urls":[]}},"protected":false,"followers_count":53,"friends_count":46,"listed_count":2,"created_at":"Tue May 31 13:33:13 +0000 2011","favourites_count":0,"utc_offset":-18000,"time_zone":"Quito","geo_enabled":false,"verified":false,"statuses_count":83,"lang":"ru","contributors_enabled":false,"is_translator":false,"is_translation_enabled":false,"profile_background_color":"C0DEED","profile_background_image_url":"http:\/\/abs.twimg.com\/images\/themes\/theme1\/bg.png","profile_background_image_url_https":"https:\/\/abs.twimg.com\/images\/themes\/theme1\/bg.png","profile_background_tile":false,"profile_image_url":"http:\/\/pbs.twimg.com\/profile_images\/1456589011\/logo2_normal.jpg","profile_image_url_https":"https:\/\/pbs.twimg.com\/profile_images\/1456589011\/logo2_normal.jpg","profile_link_color":"0084B4","profile_sidebar_border_color":"C0DEED","profile_sidebar_fill_color":"DDEEF6","profile_text_color":"333333","profile_use_background_image":true,"default_profile":true,"default_profile_image":false,"following":false,"follow_request_sent":false,"notifications":false},"geo":null,"coordinates":null,"place":null,"contributors":null,"retweet_count":0,"favorite_count":0,"entities":{"hashtags":[{"text":"Facebook","indices":[63,72]}],"symbols":[],"urls":[{"url":"http:\/\/t.co\/tlgSJ2N1","expanded_url":"http:\/\/j.mp\/XHR3Xl","display_url":"j.mp\/XHR3Xl","indices":[42,62]}],"user_mentions":[]},"favorited":false,"retweeted":false,"possibly_sensitive":false,"lang":"vi"}]